startTime;edgeTime;cloudTime;notificationTime;clientName;hasLeak;leakGroup;prediction
1692258919.998;1692258920.501014;1692258920.503013;1692258920.550013;gateway_1;0;0;0
1692258920.501;1692258921.004018;1692258921.005014;1692258921.051013;gateway_1;0;0;0
1692258921.004;1692258921.507019;1692258921.508013;1692258921.557035;gateway_1;0;0;0
1692258921.507;1692258922.010016;1692258922.011014;1692258922.057014;gateway_1;0;0;0
1692258922.009;1692258922.512012;1692258922.513014;1692258922.563738;gateway_1;0;0;0
1692258922.511;1692258923.014214;1692258923.015212;1692258923.070213;gateway_1;0;0;0
1692258923.014;1692258923.517211;1692258923.518212;1692258923.565213;gateway_1;0;0;0
1692258923.517;1692258924.02023;1692258924.021223;1692258924.07421;gateway_1;0;0;0
1692258924.02;1692258924.523212;1692258924.525211;1692258924.61623;gateway_1;0;0;0
1692258924.523;1692258925.026212;1692258925.027219;1692258925.072971;gateway_1;0;0;0
1692258925.026;1692258925.529764;1692258925.531764;1692258925.577762;gateway_1;0;0;0
1692258925.529;1692258926.031763;1692258926.032763;1692258926.079761;gateway_1;0;0;0
1692258926.031;1692258926.534763;1692258926.535762;1692258926.588761;gateway_1;0;0;0
1692258926.534;1692258927.037763;1692258927.038762;1692258927.089763;gateway_1;0;0;0
1692258957.207;1692258957.711025;1692258957.712024;1692258957.758025;gateway_1;0;0;0
1692258957.709;1692258958.212088;1692258958.213087;1692258958.259083;gateway_1;0;0;0
1692258958.212;1692258958.714774;1692258958.715776;1692258958.764774;gateway_1;0;0;0
1692258958.714;1692258959.218886;1692258959.219986;1692258959.266029;gateway_1;0;0;0
1692258959.218;1692258959.720811;1692258959.72181;1692258959.768808;gateway_1;0;0;0
1692258959.72;1692258960.22381;1692258960.224809;1692258960.272809;gateway_1;0;0;0
1692258960.223;1692258960.726809;1692258960.727811;1692258960.78281;gateway_1;0;0;0
1692258960.726;1692258961.229808;1692258961.230809;1692258961.276807;gateway_1;0;0;0
1692258961.229;1692258961.73281;1692258961.734812;1692258961.78181;gateway_1;0;0;0
1692258961.732;1692258962.235811;1692258962.236809;1692258962.283807;gateway_1;0;0;0
1692258962.236;1692258962.738912;1692258962.739915;1692258962.793547;gateway_1;0;0;0
1692258962.738;1692258963.241201;1692258963.242201;1692258963.288218;gateway_1;0;0;0
1692258963.241;1692258963.744204;1692258963.746202;1692258963.794203;gateway_1;0;0;0
1692258963.744;1692258964.247203;1692258964.249204;1692258964.295202;gateway_1;0;0;0
1692258964.247;1692258964.750203;1692258964.751201;1692258964.798203;gateway_1;0;0;0
1692258964.75;1692258965.252953;1692258965.253954;1692258965.300952;gateway_1;0;0;0
1692258965.253;1692258965.757604;1692258965.759084;1692258965.805634;gateway_1;0;0;0
1692258965.756;1692258966.259634;1692258966.261635;1692258966.308634;gateway_1;0;0;0
1692258966.26;1692258966.763634;1692258966.764633;1692258966.81064;gateway_1;0;0;0
1692258966.763;1692258967.265634;1692258967.267633;1692258967.31363;gateway_1;0;0;0
1692258997.436;1692258997.939107;1692258997.940108;1692258997.987108;gateway_1;0;0;0
1692258997.938;1692258998.441962;1692258998.442968;1692258998.488961;gateway_1;0;0;0
1692258998.441;1692258998.944965;1692258998.946962;1692258998.992964;gateway_1;0;0;0
1692258998.945;1692258999.448163;1692258999.449165;1692258999.495162;gateway_1;0;0;0
1692258999.448;1692258999.952164;1692258999.953165;1692258999.999166;gateway_1;0;0;0
1692258999.951;1692259000.454169;1692259000.455165;1692259000.502165;gateway_1;0;0;0
1692259000.454;1692259000.95895;1692259000.960506;1692259001.006046;gateway_1;0;0;0
1692259000.957;1692259001.460063;1692259001.461053;1692259001.508063;gateway_1;0;0;0
1692259001.46;1692259001.96407;1692259001.965055;1692259002.011049;gateway_1;0;0;0
1692259001.963;1692259002.466051;1692259002.467051;1692259002.513049;gateway_1;0;0;0
1692259002.466;1692259002.971892;1692259002.973522;1692259003.019719;gateway_1;0;0;0
1692259002.97;1692259003.472719;1692259003.473737;1692259003.521719;gateway_1;0;0;0
1692259003.472;1692259003.975718;1692259003.97672;1692259004.023736;gateway_1;0;0;0
1692259003.975;1692259004.477722;1692259004.479721;1692259004.525717;gateway_1;0;0;0
1692259004.477;1692259004.980728;1692259004.981718;1692259005.028717;gateway_1;0;0;0
1692259004.98;1692259005.483549;1692259005.485552;1692259005.532554;gateway_1;0;0;0
1692259005.483;1692259005.986554;1692259005.987548;1692259006.035549;gateway_1;0;0;0
1692259005.986;1692259006.489549;1692259006.491549;1692259006.537549;gateway_1;0;0;0
1692259006.489;1692259006.993552;1692259006.99455;1692259007.04155;gateway_1;0;0;0
1692259006.993;1692259007.495551;1692259007.49655;1692259007.543561;gateway_1;0;0;0
1692259037.669;1692259038.172489;1692259038.173488;1692259038.220485;gateway_1;0;0;0
1692259038.172;1692259038.675206;1692259038.676198;1692259038.7262;gateway_1;0;0;0
1692259038.675;1692259039.179388;1692259039.181012;1692259039.227656;gateway_1;0;0;0
1692259039.179;1692259039.681414;1692259039.68243;1692259039.729413;gateway_1;0;0;0
1692259039.681;1692259040.183416;1692259040.184415;1692259040.231416;gateway_1;0;0;0
1692259040.183;1692259040.686416;1692259040.687416;1692259040.732414;gateway_1;0;0;0
1692259040.686;1692259041.189414;1692259041.190415;1692259041.237434;gateway_1;0;0;0
1692259041.189;1692259041.691416;1692259041.692418;1692259041.739413;gateway_1;0;0;0
1692259041.691;1692259042.193435;1692259042.194416;1692259042.244416;gateway_1;0;0;0
1692259042.193;1692259042.696198;1692259042.697198;1692259042.743195;gateway_1;0;0;0
1692259042.696;1692259043.198779;1692259043.200781;1692259043.247776;gateway_1;0;0;0
1692259043.198;1692259043.701777;1692259043.702794;1692259043.759779;gateway_1;0;0;0
1692259043.701;1692259044.203779;1692259044.204778;1692259044.25042;gateway_1;0;0;0
1692259044.203;1692259044.716063;1692259044.71986;1692259044.770927;gateway_1;0;0;0
1692259044.712;1692259045.216995;1692259045.218082;1692259045.27277;gateway_1;0;0;0
1692259045.216;1692259045.71877;1692259045.720773;1692259045.767475;gateway_1;0;0;0
1692259045.718;1692259046.222473;1692259046.223473;1692259046.280472;gateway_1;0;0;0
1692259046.222;1692259046.724473;1692259046.726474;1692259046.772471;gateway_1;0;0;0
1692259046.724;1692259047.227473;1692259047.228473;1692259047.27547;gateway_1;0;0;0
1692259047.227;1692259047.730259;1692259047.73226;1692259047.777257;gateway_1;0;0;0
1692259077.906;1692259078.410819;1692259078.411821;1692259078.460285;gateway_1;0;0;0
1692259078.41;1692259078.91274;1692259078.913824;1692259078.960113;gateway_1;0;0;0
1692259078.912;1692259079.414794;1692259079.415798;1692259079.462794;gateway_1;0;0;0
1692259079.414;1692259079.918794;1692259079.919793;1692259079.965794;gateway_1;0;0;0
1692259079.918;1692259080.421796;1692259080.422795;1692259080.470457;gateway_1;0;0;0
1692259080.422;1692259080.925057;1692259080.926057;1692259080.973057;gateway_1;0;0;0
1692259080.925;1692259081.428058;1692259081.429058;1692259081.476072;gateway_1;0;0;0
1692259081.427;1692259081.93007;1692259081.931057;1692259081.977056;gateway_1;0;0;0
1692259081.929;1692259082.432076;1692259082.433071;1692259082.480055;gateway_1;0;0;0
1692259082.432;1692259082.935373;1692259082.936569;1692259082.982954;gateway_1;0;0;0
1692259082.934;1692259083.437942;1692259083.438942;1692259083.486944;gateway_1;0;0;0
1692259083.438;1692259083.940943;1692259083.941942;1692259083.98794;gateway_1;0;0;0
1692259083.94;1692259084.444537;1692259084.44665;1692259084.493338;gateway_1;0;0;0
1692259084.444;1692259084.947337;1692259084.948336;1692259084.994334;gateway_1;0;0;0
1692259084.947;1692259085.45004;1692259085.452044;1692259085.498042;gateway_1;0;0;0
1692259085.45;1692259085.953044;1692259085.954052;1692259086.000039;gateway_1;0;0;0
1692259085.953;1692259086.457042;1692259086.458043;1692259086.505051;gateway_1;0;0;0
1692259086.456;1692259086.959039;1692259086.960039;1692259087.007038;gateway_1;0;0;0
1692259086.959;1692259087.463723;1692259087.464924;1692259087.581797;gateway_1;0;0;0
1692259087.463;1692259087.966316;1692259087.967332;1692259088.014314;gateway_1;0;0;0
1692259118.137;1692259118.6411;1692259118.642103;1692259118.6931;gateway_1;0;0;0
1692259118.64;1692259119.143104;1692259119.14511;1692259119.194101;gateway_1;0;0;0
1692259119.143;1692259119.646724;1692259119.648726;1692259119.69472;gateway_1;0;0;0
1692259119.646;1692259120.148722;1692259120.150722;1692259120.196726;gateway_1;0;0;0
1692259120.149;1692259120.654086;1692259120.65591;1692259120.710099;gateway_1;0;0;0
1692259120.652;1692259121.155098;1692259121.156102;1692259121.203089;gateway_1;0;0;0
1692259121.155;1692259121.660771;1692259121.662433;1692259121.711396;gateway_1;0;0;0
1692259121.659;1692259122.162395;1692259122.163397;1692259122.210414;gateway_1;0;0;0
1692259122.161;1692259122.67623;1692259122.679161;1692259122.737157;gateway_1;0;0;0
1692259122.675;1692259123.183873;1692259123.184873;1692259123.232872;gateway_1;0;0;0
1692259123.183;1692259123.688072;1692259123.690247;1692259123.73737;gateway_1;0;0;0
1692259123.687;1692259124.190369;1692259124.193967;1692259124.242271;gateway_1;0;0;0
1692259124.19;1692259124.694276;1692259124.696274;1692259124.81727;gateway_1;0;0;0
1692259124.694;1692259125.199286;1692259125.200542;1692259125.248175;gateway_1;0;0;0
1692259125.198;1692259125.701173;1692259125.702174;1692259125.752175;gateway_1;0;0;0
1692259125.701;1692259126.204174;1692259126.206176;1692259126.252176;gateway_1;0;0;0
1692259126.204;1692259126.707175;1692259126.709176;1692259126.755177;gateway_1;0;0;0
1692259126.707;1692259127.220417;1692259127.222697;1692259127.269906;gateway_1;0;0;0
1692259127.219;1692259127.722504;1692259127.723504;1692259127.770504;gateway_1;0;0;0
1692259127.721;1692259128.225505;1692259128.226489;1692259128.273414;gateway_1;0;0;0
1692259158.477;1692259158.980355;1692259158.982353;1692259159.028348;gateway_1;0;0;0
1692259158.98;1692259159.483212;1692259159.484202;1692259159.5312;gateway_1;0;0;0
1692259159.483;1692259159.986203;1692259159.987202;1692259160.034203;gateway_1;0;0;0
1692259159.986;1692259160.4892;1692259160.490203;1692259160.536197;gateway_1;0;0;0
1692259160.489;1692259160.991203;1692259160.9922;1692259161.0392;gateway_1;0;0;0
1692259160.991;1692259161.493216;1692259161.494199;1692259161.540198;gateway_1;0;0;0
1692259161.492;1692259161.995205;1692259161.996204;1692259162.0432;gateway_1;0;0;0
1692259161.995;1692259162.497202;1692259162.498199;1692259162.544198;gateway_1;0;0;0
1692259162.497;1692259162.999567;1692259163.000571;1692259163.046567;gateway_1;0;0;0
1692259162.999;1692259163.501563;1692259163.502566;1692259163.548564;gateway_1;0;0;0
1692259163.501;1692259164.004564;1692259164.006566;1692259164.051564;gateway_1;0;0;0
1692259164.004;1692259164.507567;1692259164.508574;1692259164.554561;gateway_1;0;0;0
1692259164.507;1692259165.010566;1692259165.011564;1692259165.058329;gateway_1;0;0;0
1692259165.01;1692259165.51417;1692259165.515168;1692259165.562169;gateway_1;0;0;0
1692259165.514;1692259166.017171;1692259166.019172;1692259166.065182;gateway_1;0;0;0
1692259166.017;1692259166.520171;1692259166.52118;1692259166.567168;gateway_1;0;0;0
1692259166.52;1692259167.024169;1692259167.02617;1692259167.072166;gateway_1;0;0;0
1692259167.023;1692259167.526169;1692259167.52717;1692259167.57384;gateway_1;0;0;0
1692259167.526;1692259168.028303;1692259168.030307;1692259168.076302;gateway_1;0;0;0
1692259168.028;1692259168.530627;1692259168.531627;1692259168.585631;gateway_1;0;0;0
1692259198.703;1692259199.206724;1692259199.207724;1692259199.254725;gateway_1;0;0;0
1692259199.206;1692259199.708363;1692259199.710399;1692259199.755875;gateway_1;0;0;0
1692259199.708;1692259200.210872;1692259200.211872;1692259200.258871;gateway_1;0;0;0
1692259200.21;1692259200.712873;1692259200.715872;1692259200.762871;gateway_1;0;0;0
1692259200.713;1692259201.215873;1692259201.216872;1692259201.270877;gateway_1;0;0;0
1692259201.216;1692259201.720263;1692259201.721262;1692259201.768263;gateway_1;0;0;0
1692259201.72;1692259202.222267;1692259202.225263;1692259202.272269;gateway_1;0;0;0
1692259202.222;1692259202.726871;1692259202.728167;1692259202.774008;gateway_1;0;0;0
1692259202.726;1692259203.228824;1692259203.229826;1692259203.275827;gateway_1;0;0;0
1692259203.229;1692259203.73263;1692259203.733783;1692259203.779979;gateway_1;0;0;0
1692259203.732;1692259204.234989;1692259204.235978;1692259204.28698;gateway_1;0;0;0
1692259204.235;1692259204.73898;1692259204.739977;1692259204.785975;gateway_1;0;0;0
1692259204.738;1692259205.240779;1692259205.24178;1692259205.291781;gateway_1;0;0;0
1692259205.24;1692259205.743782;1692259205.74578;1692259205.792796;gateway_1;0;0;0
1692259205.744;1692259206.246781;1692259206.24878;1692259206.294778;gateway_1;0;0;0
1692259206.246;1692259206.749781;1692259206.75078;1692259206.796781;gateway_1;0;0;0
1692259206.749;1692259207.251788;1692259207.252779;1692259207.298778;gateway_1;0;0;0
1692259207.251;1692259207.755476;1692259207.75648;1692259207.802258;gateway_1;0;0;0
1692259207.754;1692259208.257024;1692259208.258025;1692259208.305759;gateway_1;0;0;0
1692259208.256;1692259208.759766;1692259208.761762;1692259208.814759;gateway_1;0;0;0
1692259238.932;1692259239.436955;1692259239.438616;1692259239.484549;gateway_1;0;0;0
1692259239.436;1692259239.939556;1692259239.940552;1692259239.986548;gateway_1;0;0;0
1692259239.939;1692259240.442552;1692259240.443552;1692259240.490549;gateway_1;0;0;0
1692259240.442;1692259240.945551;1692259240.946552;1692259240.99455;gateway_1;0;0;0
1692259240.945;1692259241.449978;1692259241.451145;1692259241.497415;gateway_1;0;0;0
1692259241.449;1692259241.953607;1692259241.954701;1692259242.002518;gateway_1;0;0;0
1692259241.952;1692259242.455509;1692259242.456509;1692259242.512524;gateway_1;0;0;0
1692259242.455;1692259242.958963;1692259242.959964;1692259243.006965;gateway_1;0;0;0
1692259242.958;1692259243.460964;1692259243.461964;1692259243.507975;gateway_1;0;0;0
1692259243.46;1692259243.962983;1692259243.964972;1692259244.012971;gateway_1;0;0;0
1692259243.963;1692259244.465964;1692259244.466963;1692259244.514963;gateway_1;0;0;0
1692259244.466;1692259244.968971;1692259244.969963;1692259245.017963;gateway_1;0;0;0
1692259244.969;1692259245.471667;1692259245.472666;1692259245.526667;gateway_1;0;0;0
1692259245.471;1692259245.974688;1692259245.976667;1692259246.024667;gateway_1;0;0;0
1692259245.974;1692259246.477668;1692259246.479669;1692259246.525663;gateway_1;0;0;0
1692259246.477;1692259246.981667;1692259246.98367;1692259247.029666;gateway_1;0;0;0
1692259246.98;1692259247.483676;1692259247.484666;1692259247.536668;gateway_1;0;0;0
1692259247.483;1692259247.98686;1692259247.987878;1692259248.033864;gateway_1;0;0;0
1692259247.987;1692259248.489543;1692259248.49156;1692259248.537538;gateway_1;0;0;0
1692259248.489;1692259248.992541;1692259248.99354;1692259249.040552;gateway_1;0;0;0
1692259279.17;1692259279.673578;1692259279.674578;1692259279.721574;gateway_1;0;0;0
1692259279.673;1692259280.176579;1692259280.177576;1692259280.224578;gateway_1;0;0;0
1692259280.176;1692259280.679593;1692259280.681577;1692259280.729576;gateway_1;0;0;0
1692259280.679;1692259281.182579;1692259281.183578;1692259281.233576;gateway_1;0;0;0
1692259281.182;1692259281.685578;1692259281.686581;1692259281.735581;gateway_1;0;0;0
1692259281.685;1692259282.18858;1692259282.189577;1692259282.241575;gateway_1;0;0;0
1692259282.188;1692259282.691424;1692259282.692423;1692259282.744423;gateway_1;0;0;0
1692259282.691;1692259283.194031;1692259283.195031;1692259283.24803;gateway_1;0;0;0
1692259283.194;1692259283.697031;1692259283.699038;1692259283.749028;gateway_1;0;0;0
1692259283.697;1692259284.20003;1692259284.20203;1692259284.24803;gateway_1;0;0;0
1692259284.2;1692259284.704029;1692259284.705032;1692259284.751029;gateway_1;0;0;0
1692259284.703;1692259285.205537;1692259285.206548;1692259285.252534;gateway_1;0;0;0
1692259285.205;1692259285.707556;1692259285.709539;1692259285.757535;gateway_1;0;0;0
1692259285.707;1692259286.209537;1692259286.210536;1692259286.256536;gateway_1;0;0;0
1692259286.209;1692259286.713539;1692259286.714537;1692259286.761536;gateway_1;0;0;0
1692259286.713;1692259287.215551;1692259287.216538;1692259287.262533;gateway_1;0;0;0
1692259287.215;1692259287.719242;1692259287.720243;1692259287.767243;gateway_1;0;0;0
1692259287.719;1692259288.221714;1692259288.222713;1692259288.268712;gateway_1;0;0;0
1692259288.221;1692259288.725155;1692259288.727147;1692259288.772142;gateway_1;0;0;0
1692259288.725;1692259289.227144;1692259289.228144;1692259289.274141;gateway_1;0;0;0
1692259319.405;1692259319.908337;1692259319.909337;1692259319.956334;gateway_1;0;0;0
1692259319.908;1692259320.41149;1692259320.413567;1692259320.460083;gateway_1;0;0;0
1692259320.411;1692259320.913961;1692259320.915959;1692259320.963959;gateway_1;0;0;0
1692259320.914;1692259321.416962;1692259321.417959;1692259321.46496;gateway_1;0;0;0
1692259321.417;1692259321.91996;1692259321.920959;1692259321.967958;gateway_1;0;0;0
1692259321.92;1692259322.423575;1692259322.424593;1692259322.473573;gateway_1;0;0;0
1692259322.423;1692259322.925213;1692259322.927211;1692259322.980209;gateway_1;0;0;0
1692259322.925;1692259323.42822;1692259323.429213;1692259323.477213;gateway_1;0;0;0
1692259323.428;1692259323.930212;1692259323.93121;1692259323.980212;gateway_1;0;0;0
1692259323.93;1692259324.432219;1692259324.43422;1692259324.497213;gateway_1;0;0;0
1692259324.432;1692259324.935211;1692259324.937212;1692259324.991215;gateway_1;0;0;0
1692259324.935;1692259325.438181;1692259325.440179;1692259325.48618;gateway_1;0;0;0
1692259325.438;1692259325.941186;1692259325.94218;1692259325.990194;gateway_1;0;0;0
1692259325.941;1692259326.443181;1692259326.445181;1692259326.492179;gateway_1;0;0;0
1692259326.443;1692259326.946182;1692259326.94718;1692259326.993179;gateway_1;0;0;0
1692259326.946;1692259327.449194;1692259327.450181;1692259327.607931;gateway_1;0;0;0
1692259327.449;1692259327.952301;1692259327.953301;1692259327.999302;gateway_1;0;0;0
1692259327.952;1692259328.454943;1692259328.455944;1692259328.503943;gateway_1;0;0;0
1692259328.454;1692259328.956943;1692259328.957943;1692259329.003942;gateway_1;0;0;0
1692259328.956;1692259329.459757;1692259329.461739;1692259329.508738;gateway_1;0;0;0
1692259359.631;1692259360.135671;1692259360.136678;1692259360.182667;gateway_1;0;0;0
1692259360.134;1692259360.637669;1692259360.638674;1692259360.684668;gateway_1;0;0;0
1692259360.637;1692259361.139671;1692259361.140675;1692259361.186669;gateway_1;0;0;0
1692259361.139;1692259361.642671;1692259361.644669;1692259361.690671;gateway_1;0;0;0
1692259361.642;1692259362.145672;1692259362.14667;1692259362.191668;gateway_1;0;0;0
1692259362.145;1692259362.648039;1692259362.649655;1692259362.705769;gateway_1;0;0;0
1692259362.647;1692259363.151252;1692259363.152261;1692259363.202251;gateway_1;0;0;0
1692259363.15;1692259363.65425;1692259363.655253;1692259363.70225;gateway_1;0;0;0
1692259363.653;1692259364.156262;1692259364.157252;1692259364.204251;gateway_1;0;0;0
1692259364.156;1692259364.659251;1692259364.660265;1692259364.70625;gateway_1;0;0;0
1692259364.659;1692259365.161984;1692259365.163982;1692259365.20998;gateway_1;0;0;0
1692259365.161;1692259365.664985;1692259365.665985;1692259365.711981;gateway_1;0;0;0
1692259365.664;1692259366.168986;1692259366.169983;1692259366.217983;gateway_1;0;0;0
1692259366.168;1692259366.670984;1692259366.671984;1692259366.718981;gateway_1;0;0;0
1692259366.67;1692259367.173984;1692259367.174982;1692259367.221984;gateway_1;0;0;0
1692259367.173;1692259367.677766;1692259367.678765;1692259367.724762;gateway_1;0;0;0
1692259367.677;1692259368.179608;1692259368.181612;1692259368.228607;gateway_1;0;0;0
1692259368.179;1692259368.682499;1692259368.683497;1692259368.730496;gateway_1;0;0;0
1692259368.682;1692259369.186504;1692259369.188501;1692259369.234496;gateway_1;0;0;0
1692259369.186;1692259369.68887;1692259369.689867;1692259369.736867;gateway_1;0;0;0
1692259399.86;1692259400.363727;1692259400.365727;1692259400.411724;gateway_1;0;0;0
1692259400.363;1692259400.865726;1692259400.866726;1692259400.912723;gateway_1;0;0;0
1692259400.865;1692259401.369728;1692259401.370727;1692259401.419724;gateway_1;0;0;0
1692259401.368;1692259401.871744;1692259401.873738;1692259401.919723;gateway_1;0;0;0
1692259401.871;1692259402.375726;1692259402.376728;1692259402.423724;gateway_1;0;0;0
1692259402.375;1692259402.878856;1692259402.880862;1692259402.926857;gateway_1;0;0;0
1692259402.878;1692259403.383544;1692259403.385344;1692259403.432557;gateway_1;0;0;0
1692259403.382;1692259403.88555;1692259403.88655;1692259403.932547;gateway_1;0;0;0
1692259403.885;1692259404.38755;1692259404.389551;1692259404.435548;gateway_1;0;0;0
1692259404.387;1692259404.88955;1692259404.89055;1692259404.937548;gateway_1;0;0;0
1692259404.889;1692259405.392756;1692259405.394757;1692259405.439756;gateway_1;0;0;0
1692259405.392;1692259405.894757;1692259405.895758;1692259405.940754;gateway_1;0;0;0
1692259405.894;1692259406.397755;1692259406.398756;1692259406.445756;gateway_1;0;0;0
1692259406.397;1692259406.900763;1692259406.901757;1692259406.947753;gateway_1;0;0;0
1692259406.9;1692259407.403879;1692259407.4055;1692259407.451783;gateway_1;0;0;0
1692259407.403;1692259407.905911;1692259407.906906;1692259407.953905;gateway_1;0;0;0
1692259407.906;1692259408.408918;1692259408.409911;1692259408.455926;gateway_1;0;0;0
1692259408.408;1692259408.912913;1692259408.913912;1692259408.962913;gateway_1;0;0;0
1692259408.912;1692259409.414618;1692259409.415615;1692259409.462612;gateway_1;0;0;0
1692259409.414;1692259409.916614;1692259409.917614;1692259409.964613;gateway_1;0;0;0
1692259440.097;1692259440.601025;1692259440.603022;1692259440.64904;gateway_1;0;0;0
1692259440.6;1692259441.103022;1692259441.104024;1692259441.15202;gateway_1;0;0;0
1692259441.103;1692259441.605863;1692259441.607865;1692259441.653862;gateway_1;0;0;0
1692259441.605;1692259442.109863;1692259442.111863;1692259442.161861;gateway_1;0;0;0
1692259442.109;1692259442.61352;1692259442.615708;1692259442.664373;gateway_1;0;0;0
1692259442.612;1692259443.115285;1692259443.116264;1692259443.16226;gateway_1;0;0;0
1692259443.115;1692259443.617489;1692259443.618489;1692259443.664489;gateway_1;0;0;0
1692259443.617;1692259444.120498;1692259444.121488;1692259444.167514;gateway_1;0;0;0
1692259444.12;1692259444.623488;1692259444.624489;1692259444.671488;gateway_1;0;0;0
1692259444.623;1692259445.126231;1692259445.12723;1692259445.173228;gateway_1;0;0;0
1692259445.126;1692259445.630244;1692259445.631231;1692259445.678231;gateway_1;0;0;0
1692259445.629;1692259446.13223;1692259446.133232;1692259446.183231;gateway_1;0;0;0
1692259446.132;1692259446.635232;1692259446.637234;1692259446.684231;gateway_1;0;0;0
1692259446.635;1692259447.138251;1692259447.139232;1692259447.188233;gateway_1;0;0;0
1692259447.138;1692259447.640974;1692259447.641973;1692259447.690971;gateway_1;0;0;0
1692259447.64;1692259448.143364;1692259448.144365;1692259448.190362;gateway_1;0;0;0
1692259448.143;1692259448.646139;1692259448.647137;1692259448.695137;gateway_1;0;0;0
1692259448.646;1692259449.150138;1692259449.151152;1692259449.19815;gateway_1;0;0;0
1692259449.149;1692259449.651772;1692259449.653773;1692259449.707772;gateway_1;0;0;0
1692259449.652;1692259450.154772;1692259450.15577;1692259450.202779;gateway_1;0;0;0
1692259480.347;1692259480.850381;1692259480.852383;1692259480.898382;gateway_1;0;0;0
1692259480.85;1692259481.354633;1692259481.355802;1692259481.401724;gateway_1;0;0;0
1692259481.354;1692259481.856727;1692259481.857726;1692259481.903722;gateway_1;0;0;0
1692259481.856;1692259482.360471;1692259482.361627;1692259482.408513;gateway_1;0;0;0
1692259482.36;1692259482.862573;1692259482.863571;1692259482.910572;gateway_1;0;0;0
1692259482.862;1692259483.36658;1692259483.367571;1692259483.413569;gateway_1;0;0;0
1692259483.366;1692259483.868574;1692259483.870572;1692259483.917583;gateway_1;0;0;0
1692259483.868;1692259484.372395;1692259484.374012;1692259484.430306;gateway_1;0;0;0
1692259484.372;1692259484.875305;1692259484.876305;1692259484.922302;gateway_1;0;0;0
1692259484.875;1692259485.378593;1692259485.379594;1692259485.425626;gateway_1;0;0;0
1692259485.378;1692259485.881593;1692259485.883592;1692259485.929593;gateway_1;0;0;0
1692259485.881;1692259486.384592;1692259486.385593;1692259486.593612;gateway_1;0;0;0
1692259486.384;1692259486.887594;1692259486.888592;1692259486.937593;gateway_1;0;0;0
1692259486.887;1692259487.390592;1692259487.391612;1692259487.444589;gateway_1;0;0;0
1692259487.39;1692259487.893757;1692259487.895757;1692259487.941754;gateway_1;0;0;0
1692259487.894;1692259488.396478;1692259488.397478;1692259488.451478;gateway_1;0;0;0
1692259488.396;1692259488.899485;1692259488.901478;1692259488.947475;gateway_1;0;0;0
1692259488.899;1692259489.402708;1692259489.403708;1692259489.455704;gateway_1;0;0;0
1692259489.403;1692259489.906707;1692259489.908708;1692259489.954705;gateway_1;0;0;0
1692259489.905;1692259490.408706;1692259490.409708;1692259490.455708;gateway_1;0;0;0
1692259520.576;1692259521.079156;1692259521.081142;1692259521.127139;gateway_1;0;0;0
1692259521.079;1692259521.582151;1692259521.583154;1692259521.629145;gateway_1;0;0;0
1692259521.582;1692259522.084143;1692259522.085142;1692259522.133141;gateway_1;0;0;0
1692259522.084;1692259522.586936;1692259522.58794;1692259522.633936;gateway_1;0;0;0
1692259522.586;1692259523.08914;1692259523.090128;1692259523.13713;gateway_1;0;0;0
1692259523.089;1692259523.59213;1692259523.593129;1692259523.650158;gateway_1;0;0;0
1692259523.592;1692259524.095132;1692259524.097143;1692259524.145137;gateway_1;0;0;0
1692259524.094;1692259524.597129;1692259524.599131;1692259524.64813;gateway_1;0;0;0
1692259524.597;1692259525.10087;1692259525.102572;1692259525.149173;gateway_1;0;0;0
1692259525.1;1692259525.603222;1692259525.604214;1692259525.651211;gateway_1;0;0;0
1692259525.603;1692259526.107225;1692259526.108215;1692259526.156215;gateway_1;0;0;0
1692259526.106;1692259526.609215;1692259526.610214;1692259526.656211;gateway_1;0;0;0
1692259526.609;1692259527.111214;1692259527.114214;1692259527.161215;gateway_1;0;0;0
1692259527.111;1692259527.614961;1692259527.615961;1692259527.667958;gateway_1;0;0;0
1692259527.615;1692259528.118336;1692259528.119338;1692259528.167336;gateway_1;0;0;0
1692259528.117;1692259528.620604;1692259528.621602;1692259528.673599;gateway_1;0;0;0
1692259528.62;1692259529.123604;1692259529.125603;1692259529.173603;gateway_1;0;0;0
1692259529.123;1692259529.626336;1692259529.627336;1692259529.673333;gateway_1;0;0;0
1692259529.626;1692259530.130336;1692259530.131336;1692259530.178335;gateway_1;0;0;0
1692259530.129;1692259530.632337;1692259530.633338;1692259530.680335;gateway_1;0;0;0
1692259561.056;1692259561.559631;1692259561.56063;1692259561.61163;gateway_1;0;0;0
1692259561.558;1692259562.06163;1692259562.062629;1692259562.110632;gateway_1;0;0;0
1692259562.061;1692259562.56438;1692259562.565365;1692259562.613364;gateway_1;0;0;0
1692259562.564;1692259563.067103;1692259563.069095;1692259563.115097;gateway_1;0;0;0
1692259563.066;1692259563.569002;1692259563.570001;1692259563.617998;gateway_1;0;0;0
1692259563.568;1692259564.071001;1692259564.072002;1692259564.118999;gateway_1;0;0;0
1692259564.071;1692259564.574002;1692259564.575;1692259564.622;gateway_1;0;0;0
1692259564.574;1692259565.07664;1692259565.077639;1692259565.12464;gateway_1;0;0;0
1692259565.076;1692259565.654449;1692259565.657882;1692259565.706273;gateway_1;0;0;0
1692259565.653;1692259566.156271;1692259566.157272;1692259566.204278;gateway_1;0;0;0
1692259566.156;1692259566.659273;1692259566.66027;1692259566.707269;gateway_1;0;0;0
1692259566.659;1692259567.162272;1692259567.16327;1692259567.20927;gateway_1;0;0;0
1692259567.162;1692259567.665018;1692259567.666017;1692259567.712029;gateway_1;0;0;0
1692259567.665;1692259568.168548;1692259568.169548;1692259568.216551;gateway_1;0;0;0
1692259568.167;1692259568.670354;1692259568.671345;1692259568.717346;gateway_1;0;0;0
1692259568.67;1692259569.172346;1692259569.173348;1692259569.220345;gateway_1;0;0;0
1692259569.172;1692259569.675117;1692259569.676108;1692259569.728108;gateway_1;0;0;0
1692259569.675;1692259570.17811;1692259570.180109;1692259570.226106;gateway_1;0;0;0
1692259570.178;1692259570.681108;1692259570.682109;1692259570.729107;gateway_1;0;0;0
1692259570.681;1692259571.186467;1692259571.187567;1692259571.236893;gateway_1;0;0;0
1692259601.383;1692259601.886053;1692259601.888066;1692259601.93405;gateway_1;0;0;0
1692259601.886;1692259602.389051;1692259602.390052;1692259602.437052;gateway_1;0;0;0
1692259602.388;1692259602.892156;1692259602.894152;1692259602.940148;gateway_1;0;0;0
1692259602.893;1692259603.39715;1692259603.398149;1692259603.449147;gateway_1;0;0;0
1692259603.396;1692259603.898149;1692259603.89915;1692259603.946145;gateway_1;0;0;0
1692259603.898;1692259604.402153;1692259604.403148;1692259604.449147;gateway_1;0;0;0
1692259604.401;1692259604.904149;1692259604.90515;1692259604.952145;gateway_1;0;0;0
1692259604.904;1692259605.407607;1692259605.408608;1692259605.462606;gateway_1;0;0;0
1692259605.407;1692259605.909607;1692259605.910608;1692259605.956604;gateway_1;0;0;0
1692259605.909;1692259606.413976;1692259606.415059;1692259606.460896;gateway_1;0;0;0
1692259606.413;1692259606.915906;1692259606.916899;1692259606.962895;gateway_1;0;0;0
1692259606.915;1692259607.418637;1692259607.420301;1692259607.466476;gateway_1;0;0;0
1692259607.418;1692259607.920813;1692259607.921793;1692259607.967791;gateway_1;0;0;0
1692259607.92;1692259608.423216;1692259608.424214;1692259608.470213;gateway_1;0;0;0
1692259608.423;1692259608.926215;1692259608.927217;1692259608.973214;gateway_1;0;0;0
1692259608.925;1692259609.430296;1692259609.431441;1692259609.477234;gateway_1;0;0;0
1692259609.429;1692259609.93221;1692259609.933213;1692259609.979209;gateway_1;0;0;0
1692259609.931;1692259610.436151;1692259610.437397;1692259610.482741;gateway_1;0;0;0
1692259610.435;1692259610.938742;1692259610.939742;1692259610.988743;gateway_1;0;0;0
1692259610.938;1692259611.441742;1692259611.442743;1692259611.48874;gateway_1;0;0;0
1692259641.618;1692259642.121465;1692259642.123479;1692259642.170469;gateway_1;0;0;0
1692259642.121;1692259642.624294;1692259642.625294;1692259642.674072;gateway_1;0;0;0
1692259642.624;1692259643.126634;1692259643.128637;1692259643.174633;gateway_1;0;0;0
1692259643.126;1692259643.629637;1692259643.630634;1692259643.678635;gateway_1;0;0;0
1692259643.629;1692259644.131636;1692259644.132636;1692259644.179638;gateway_1;0;0;0
1692259644.131;1692259644.634545;1692259644.635548;1692259644.680544;gateway_1;0;0;0
1692259644.634;1692259645.137205;1692259645.138201;1692259645.187204;gateway_1;0;0;0
1692259645.137;1692259645.642905;1692259645.644095;1692259645.808173;gateway_1;0;0;0
1692259645.642;1692259646.145173;1692259646.146174;1692259646.19317;gateway_1;0;0;0
1692259646.145;1692259646.649975;1692259646.651107;1692259646.697096;gateway_1;0;0;0
1692259646.649;1692259647.152098;1692259647.154098;1692259647.200114;gateway_1;0;0;0
1692259647.152;1692259647.65483;1692259647.655831;1692259647.702829;gateway_1;0;0;0
1692259647.654;1692259648.157093;1692259648.158092;1692259648.203091;gateway_1;0;0;0
1692259648.156;1692259648.660404;1692259648.661405;1692259648.707405;gateway_1;0;0;0
1692259648.659;1692259649.162403;1692259649.163402;1692259649.21142;gateway_1;0;0;0
1692259649.162;1692259649.667095;1692259649.668227;1692259649.714017;gateway_1;0;0;0
1692259649.666;1692259650.170653;1692259650.17247;1692259650.221096;gateway_1;0;0;0
1692259650.169;1692259650.672089;1692259650.673089;1692259650.719089;gateway_1;0;0;0
1692259650.671;1692259651.174092;1692259651.17509;1692259651.225091;gateway_1;0;0;0
1692259651.174;1692259651.677096;1692259651.678091;1692259651.726088;gateway_1;0;0;0
1692259681.847;1692259682.351769;1692259682.353281;1692259682.404571;gateway_1;0;0;0
1692259682.351;1692259682.854053;1692259682.855052;1692259682.915054;gateway_1;0;0;0
1692259682.854;1692259683.358051;1692259683.35907;1692259683.428054;gateway_1;0;0;0
1692259683.357;1692259683.860055;1692259683.861052;1692259683.936052;gateway_1;0;0;0
1692259683.86;1692259684.364281;1692259684.365324;1692259684.451637;gateway_1;0;0;0
1692259684.363;1692259684.865639;1692259684.86764;1692259684.960638;gateway_1;0;0;0
1692259684.865;1692259685.371217;1692259685.372322;1692259685.465649;gateway_1;0;0;0
1692259685.369;1692259685.872651;1692259685.87365;1692259685.96741;gateway_1;0;0;0
1692259685.872;1692259686.375369;1692259686.376368;1692259686.471366;gateway_1;0;0;0
1692259686.375;1692259686.87837;1692259686.879367;1692259686.976377;gateway_1;0;0;0
1692259686.878;1692259687.381368;1692259687.383371;1692259687.482372;gateway_1;0;0;0
1692259687.381;1692259687.883513;1692259687.88553;1692259687.967514;gateway_1;0;0;0
1692259687.883;1692259688.386221;1692259688.387221;1692259688.473207;gateway_1;0;0;0
1692259688.385;1692259688.888206;1692259688.889206;1692259688.975204;gateway_1;0;0;0
1692259688.888;1692259689.390861;1692259689.391862;1692259689.483872;gateway_1;0;0;0
1692259689.391;1692259689.893863;1692259689.895885;1692259690.061862;gateway_1;0;0;0
1692259689.894;1692259690.397862;1692259690.398866;1692259690.48786;gateway_1;0;0;0
1692259690.397;1692259690.899865;1692259690.900863;1692259691.016882;gateway_1;0;0;0
1692259690.899;1692259691.401928;1692259691.403928;1692259691.514925;gateway_1;0;0;0
1692259691.402;1692259691.904926;1692259691.905927;1692259691.99793;gateway_1;0;0;0
1692259722.071;1692259722.574693;1692259722.575696;1692259722.639689;gateway_1;0;0;0
1692259722.574;1692259723.076165;1692259723.077181;1692259723.146183;gateway_1;0;0;0
1692259723.076;1692259723.579839;1692259723.581455;1692259723.655788;gateway_1;0;0;0
1692259723.579;1692259724.082801;1692259724.083789;1692259724.159789;gateway_1;0;0;0
1692259724.082;1692259724.585789;1692259724.586796;1692259724.664792;gateway_1;0;0;0
1692259724.585;1692259725.088517;1692259725.089518;1692259725.361521;gateway_1;0;0;0
1692259725.088;1692259725.591519;1692259725.592518;1692259725.654515;gateway_1;0;0;0
1692259725.591;1692259726.093529;1692259726.094517;1692259726.159517;gateway_1;0;0;0
1692259726.094;1692259726.59652;1692259726.59752;1692259726.659516;gateway_1;0;0;0
1692259726.596;1692259727.099519;1692259727.101526;1692259727.168517;gateway_1;0;0;0
1692259727.099;1692259727.603281;1692259727.604278;1692259727.681279;gateway_1;0;0;0
1692259727.602;1692259728.105892;1692259728.106892;1692259728.183905;gateway_1;0;0;0
1692259728.105;1692259728.60766;1692259728.60866;1692259728.689668;gateway_1;0;0;0
1692259728.607;1692259729.109659;1692259729.110658;1692259729.188658;gateway_1;0;0;0
1692259729.109;1692259729.612426;1692259729.613425;1692259729.690424;gateway_1;0;0;0
1692259729.612;1692259730.11587;1692259730.116944;1692259730.198808;gateway_1;0;0;0
1692259730.115;1692259730.619027;1692259730.620658;1692259730.712502;gateway_1;0;0;0
1692259730.619;1692259731.121505;1692259731.123386;1692259731.21563;gateway_1;0;0;0
1692259731.122;1692259731.624936;1692259731.62603;1692259731.717837;gateway_1;0;0;0
1692259731.624;1692259732.128837;1692259732.130147;1692259732.197422;gateway_1;0;0;0
1692259762.295;1692259762.798438;1692259762.799544;1692259762.845839;gateway_1;0;0;0
1692259762.797;1692259763.319156;1692259763.323067;1692259763.392371;gateway_1;0;0;0
1692259763.317;1692259763.82137;1692259763.822376;1692259763.931367;gateway_1;0;0;0
1692259763.821;1692259764.323368;1692259764.324366;1692259764.434368;gateway_1;0;0;0
1692259764.323;1692259764.826331;1692259764.827995;1692259764.922729;gateway_1;0;0;0
1692259764.826;1692259765.329759;1692259765.330862;1692259765.420023;gateway_1;0;0;0
1692259765.329;1692259765.832398;1692259765.833486;1692259765.921224;gateway_1;0;0;0
1692259765.831;1692259766.334167;1692259766.335992;1692259766.427049;gateway_1;0;0;0
1692259766.333;1692259766.836684;1692259766.838041;1692259766.931662;gateway_1;0;0;0
1692259766.836;1692259767.339415;1692259767.340489;1692259767.434742;gateway_1;0;0;0
1692259767.338;1692259767.842819;1692259767.843961;1692259767.934005;gateway_1;0;0;0
1692259767.842;1692259768.345311;1692259768.346304;1692259768.431305;gateway_1;0;0;0
1692259768.345;1692259768.848306;1692259768.849303;1692259768.939304;gateway_1;0;0;0
1692259768.848;1692259769.351305;1692259769.35232;1692259769.455979;gateway_1;0;0;0
1692259769.351;1692259769.858757;1692259769.860542;1692259769.965096;gateway_1;0;0;0
1692259769.858;1692259770.36333;1692259770.364605;1692259770.417843;gateway_1;0;0;0
1692259770.362;1692259770.866841;1692259770.868847;1692259770.917842;gateway_1;0;0;0
1692259770.866;1692259771.369842;1692259771.370842;1692259771.416844;gateway_1;0;0;0
1692259771.369;1692259771.873025;1692259771.874151;1692259771.921338;gateway_1;0;0;0
1692259771.872;1692259772.377287;1692259772.378376;1692259772.424437;gateway_1;0;0;0
